<?xml version="1.0" encoding="utf-8" standalone="no"?>
<manifest
  identifier="MySCORM" version="1.0"
  
	xmlns="http://www.imsproject.org/xsd/imscp_rootv1p1p2"
  xmlns:adlcp="http://www.adlnet.org/xsd/adlcp_rootv1p2"
  xmlns:xsi="http://www.w3.org/2001/XMLSchema-instance"
  xsi:schemaLocation="http://www.imsglobal.org/xsd/imscp_rootv1p1p2 imscp_rootv1p1p2.xsd
        http://www.imsglobal.org/xsd/imsmd_rootv1p2p1 imsmd_rootv1p2p1.xsd
        http://www.adlnet.org/xsd/adlcp_rootv1p2 adlcp_rootv1p2.xsd" 
>
  <metadata>
    <schema>IMS Content</schema>
    <schemaversion>1.2</schemaversion>
    <record xmlns="http://www.imsglobal.org/xsd/imsmd_rootv1p2p1" >
      <general>
        <title>
          <langstring xml:lang="de-CH">Mein SCORM Tutorial</langstring>
        </title>

        <description>
          <langstring xml:lang="de-CH">Dies ist mein SCORM Tutorial</langstring>
        </description>

        <keywords>
          <langstring xml:lang="de-CH">SCORM, Tutorial</langstring>
        </keywords>
      </general>
    </record>
  </metadata>

	<organizations default="mytutorial">
		<organization identifier="mytutorial" structure="hierarchical">
			<title>Mein SCORM Tutorial</title>
			<item identifier="intro" identifierref="intro_sco"><title>Willkommen</title></item>
			<item identifier="instruction" identifierref="instruction_sco"><title>Einführung</title></item>
			<item identifier="exercise1" identifierref="exercise1_sco"><title>Übung 1</title></item>
			<item identifier="exercise2" identifierref="exercise2_sco"><title>Übung 2</title></item>
			<item identifier="posttest" identifierref="posttest_sco"><title>Abschlusstest</title></item>
			<item identifier="summary" identifierref="summary_sco"><title>Zusammenfassung</title></item>
		</organization>
  </organizations>
  <resources>
    <resource identifier="intro_sco" href="introduction_sco.html" adlcp:scormtype="sco" type="webcontent">
  <file href="introduction_sco.html"/>
  <dependency identifierref="layout"/>
	</resource>
    <resource identifier="instruction_sco" href="instruction_sco.html" adlcp:scormtype="sco" type="webcontent">
  <file href="instruction_sco.html"/>
  <dependency identifierref="layout"/>
	</resource>
    <resource identifier="exercise1_sco" href="exercise1_sco.html" adlcp:scormtype="sco" type="webcontent">
  <file href="exercise1_sco.html"/>
  <dependency identifierref="layout"/>
	</resource>
    <resource identifier="exercise2_sco" href="exercise2_sco.html" adlcp:scormtype="sco" type="webcontent">
  <file href="exercise2_sco.html"/>
  <dependency identifierref="layout"/>
	</resource>
    <resource identifier="posttest_sco" href="posttest_sco.html" adlcp:scormtype="sco" type="webcontent">
  <file href="posttest_sco.html"/>
  <dependency identifierref="layout"/>
	</resource>
    <resource identifier="summary_sco" href="summary_sco.html" adlcp:scormtype="sco" type="webcontent">
  <file href="summary_sco.html"/>
  <dependency identifierref="layout"/>
	</resource>
<resource identifier="layout" adlcp:scormtype="asset" type="webcontent">
  <file href="stylesheet.css"/>
  <file href="lmsstub.js"/>
</resource>
  </resources>
</manifest>  